temperature,vibration,current,rpm,status
54.72011125631653,5.9005414349677485,3.470282358195607,1057.3447217019245,Warning
79.02272322533828,7.930763333781552,4.486559073996569,996.4520930367556,Fault
45.88895967714474,1.8396184185367297,2.13817236209041,1546.7509342252047,Healthy
43.843753920412496,1.2246704395026007,2.0635350903921816,1495.0074089013747,Healthy
57.23349318917241,6.467049606408836,2.922735258965599,1285.750826675534,Warning
44.661545927766745,2.019266438618447,1.9238197834787965,1543.0821003007882,Healthy
59.15509488530769,4.385308725114156,2.593113635876061,1442.3969133863243,Warning
41.430262711725625,1.2959061138224832,1.5526556352926282,1565.05927878247,Healthy
44.71577134152597,1.4006941756267834,1.869648396920016,1511.668580914073,Healthy
46.35714388974095,1.9341573292648093,2.0036740689215686,1506.757906948889,Healthy
66.41901758086978,3.2514130161732,2.8401643918213493,1279.4441018560806,Warning
60.07400424141321,6.793929573481275,2.5670844421533783,1495.2417531887222,Warning
59.65580479009957,5.195303678126007,3.293111165679639,1456.6839869689284,Warning
40.25637463875781,1.5225889244012598,2.057392764377146,1480.8695675118386,Healthy
68.93370228797215,6.844985885197099,4.897728595243011,1175.6366324927017,Fault
59.00923147564426,5.190247629292057,3.3127951969836684,1303.5980190419643,Warning
57.36651841253344,4.564335384121914,2.8091310530008355,1170.624053161644,Warning
39.65298829898638,1.8074964712366126,1.9442239976717728,1544.6531176029944,Healthy
41.50757257745288,1.5460210127735077,1.7760845367280804,1331.266556604197,Healthy
35.38650193822799,1.201651903439111,1.919932268017031,1409.452094463994,Healthy
48.49614148893033,1.5862416173631444,2.021254670540126,1406.6382319990123,Healthy
37.24988972544709,1.5965801544596625,2.052092441237219,1327.2679576807652,Healthy
43.18867801166139,1.4435100265819234,1.3661826436834636,1507.2129507713869,Healthy
63.628733479482925,5.0262225746281315,3.8008894456604576,1314.0966558790465,Warning
42.89637817478158,1.9319980103830592,2.207756272572131,1583.511124591458,Healthy
49.316514456097806,1.0867421674062894,1.6080745401750758,1407.3424058594476,Healthy
52.363196967105836,5.7621811361772854,2.888888651450613,1129.3790558246014,Warning
43.56756923725098,2.302875940736629,2.399019267507536,1791.3862466007329,Healthy
70.08369503974508,4.662316694683643,4.714169169875069,1003.6706028441413,Fault
38.93951600470096,1.7155254681501688,2.119794069236293,1515.7048567445345,Healthy
36.82173123587094,0.7951902331773859,1.6541076272780009,1494.621744918168,Healthy
62.9119216503102,6.179287413227669,2.7503522007304237,1172.2584350374464,Warning
38.37386967732123,3.0770818394610986,1.5535839962326843,1583.8489203736344,Healthy
46.65786506437122,2.030970579663518,1.753008630702573,1495.9237473864566,Healthy
81.56857761185664,7.681029735386596,3.5195153889862016,919.9712366224685,Fault
90.63273005128347,8.78798490443219,4.405089339112094,1201.4487051284577,Fault
43.09691250681928,1.5534436614997578,2.131886613017967,1542.8756438461614,Healthy
63.282641060553345,3.5306371619354,2.3159204003771676,1597.6391898346874,Warning
76.56384629373919,7.810262821955222,5.669155433793762,950.7317772321721,Fault
45.21663397344522,1.5632369262842463,1.7984634399839787,1483.6557101475487,Healthy
49.037409306568584,1.8543509441410473,1.9931816379830574,1294.9827898968977,Healthy
37.783848648535646,1.0687121637458232,1.5365542899213749,1466.5876559299188,Healthy
52.715250975823054,5.036757791113301,2.757915283333211,1300.8490358457059,Warning
44.69057718501963,2.602438864465646,1.75364829622503,1430.4057388329297,Healthy
43.21248395635611,1.9059440150722267,1.47468357832999,1509.0489781627875,Healthy
54.587370187669606,2.926106766769002,1.544026994832354,1471.2616638450825,Healthy
39.046464930182566,1.9893630021542044,2.16175608626647,1427.0916162256392,Healthy
46.96897679182942,4.804800895346111,2.4687927940702186,1270.584085895089,Warning
47.61930365396322,1.7434424674484659,1.2726814825930108,1353.295475460901,Healthy
35.56288709362985,1.1419286529272163,2.351074058496394,1790.5067169240406,Healthy
40.158755216059845,2.0049333305643056,2.3186092933216775,1401.3142921571762,Healthy
45.88668788030872,2.0608596446799714,1.6871531786309704,1486.6177035483959,Healthy
40.80913128012667,1.640167505994627,1.869650966887877,1444.4672781180984,Healthy
69.0890107247388,5.186515193202159,3.1758782041996017,1357.97330213668,Warning
72.22753573165723,9.069689671011954,4.422170721269208,1526.770295607507,Fault
64.7009258678955,4.084331348366279,2.4437942640082913,1528.6714429633298,Warning
44.400717016958055,0.7532484078154844,2.0782315444674544,1545.4420338214363,Healthy
74.2278015404004,8.974690967841735,4.541973438684995,1097.40918655536,Fault
40.74011310896557,1.8915375072614813,2.241447591897947,1243.3341559068704,Healthy
42.88256210686224,1.9775963938122598,1.688425625603613,1324.3278217521417,Healthy
50.63675107082092,0.8796831570503175,2.0591484041094565,1467.1474776877105,Healthy
36.735507446480256,1.599326296586474,2.1900133784096876,1558.2655241987707,Healthy
47.887059444888465,2.063452007357746,2.3231803578503376,1543.89931587383,Healthy
59.92400332525704,5.079854979031046,2.6512880883498617,1498.4375901892279,Warning
45.911751712088304,1.6856093654969044,2.151374128040196,1575.086898873126,Healthy
67.11542283797051,3.1135516932161114,2.9665234135508998,1174.1989211107775,Warning
72.57859903293705,5.765040573077235,2.6505347857106267,1197.94239503394,Warning
35.91719925309436,1.3973158335620515,1.8936028414653732,1615.5312036106695,Healthy
45.9609734398133,5.365240074836311,3.036016786616289,1412.083542805904,Warning
31.683808615976286,1.4453379448853367,1.9772718968380065,1341.8405600546057,Healthy
43.84178306350329,2.3079503915060426,1.6287169015434617,1581.376368996621,Healthy
43.16439010068584,1.9406405356192176,1.8811029717845178,1413.6654735260618,Healthy
41.237387337738205,2.030036318612097,2.0999472740730885,1394.146391802159,Healthy
49.407277738294866,1.3538470627124615,1.553324994812904,1520.2306191831194,Healthy
42.057130277803296,2.5973763542621935,2.057038194769958,1584.1820066890061,Healthy
53.63826550173042,1.6769029866803735,1.198943312380046,1660.4254361517142,Healthy
62.755163110401234,6.571460821832632,2.198870229470537,1162.2529178840791,Warning
38.02931854987288,2.063781963610196,1.9572563528438314,1527.6274179328555,Healthy
30.449482816836777,1.8326121512342295,1.6584671899084993,1545.938577171661,Healthy
42.69120716029341,2.2560798512255125,1.8687634122345205,1553.0064705601467,Healthy
41.10194293084271,1.9180656579941744,2.046158542625226,1460.6258827775428,Healthy
60.139128456592346,4.858949399206244,3.4147595210120363,1051.0409443418766,Warning
51.62470221790026,2.199660656182034,2.6608677799224116,1462.415084959161,Warning
79.58232065553482,10.460591494079427,5.562148905814153,1137.555171749295,Fault
41.50957764564937,2.6121515337416383,1.8276379975302328,1416.2601776172537,Healthy
34.59731743717492,1.2671196877598088,1.6925949935776714,1580.3585019378602,Healthy
66.94254787698368,9.207089442867854,3.6675648486739725,1235.4454759233763,Fault
63.35275339321976,10.170934584823272,4.015999429753015,1053.8979570927602,Fault
72.76573378649955,9.270202793250851,4.348604527250876,1209.1591604108467,Fault
48.603308277640835,1.5943283094813725,1.3569426549462804,1606.7222416571983,Healthy
69.80214711204164,5.460052535818964,2.9344312348983275,1402.3163841069443,Warning
52.38490264526877,1.8416286810796674,1.8480571779951227,1607.6240157466386,Healthy
43.665351863091274,1.7844822912276863,1.894172463437266,1416.6631194050594,Healthy
31.635082820043543,1.1295695322062353,1.6623974145182001,1470.680841335124,Healthy
47.52996684953649,1.2227453301950237,1.904312535735287,1459.2921763649674,Healthy
63.29727954590767,5.7430053403704715,2.830370758057992,1509.5777299101537,Warning
42.03169531181134,3.3586042359574995,1.8669239227875827,1643.3214506606173,Healthy
82.64621676263837,8.397790250093156,4.363673935068636,1009.6931685894244,Fault
37.74231405407116,2.1993511417880574,2.125586101333773,1536.653140723723,Healthy
44.26982789654348,1.6147961666721524,2.0806641376395447,1316.8593915784877,Healthy
32.04594002438001,0.902963501863677,2.209158668944173,1589.5184981971686,Healthy
51.48247580771372,1.4425653945900185,2.7282522460336827,1713.0622518371104,Warning
58.082993997653574,5.558096251400367,2.2195208235027786,1305.4014955953546,Warning
61.39729543725266,5.9489673460280965,3.172322613118026,1450.2489027161996,Warning
46.48907704205274,2.777362168574395,1.5089551441045763,1411.230434428544,Healthy
76.46924810643952,11.026878505719802,4.145971430486253,1411.908203728728,Fault
63.807601763258866,6.877661626003885,2.8191147612779144,1208.8316856112563,Warning
81.61867160514511,5.681633670075074,5.009976722120897,1053.0211628288062,Fault
45.240177865696694,4.056121069874997,2.156765924382949,1226.0655800454072,Warning
60.74541362185172,4.695946917262382,2.9204075643099694,1380.5082360929914,Warning
45.534248204495256,2.19759958223129,1.9155113812968303,1555.6533442751263,Healthy
76.24551311911748,4.895486994736988,2.8464583908327117,1236.9708629463933,Warning
68.0442256991914,6.900164836184347,4.443455694678343,1210.1731231295887,Fault
56.64125305799201,6.080221476823956,3.3697063361504735,1326.0527538866975,Warning
82.3874233666384,8.838352457474988,3.341498192467962,1137.7635539228072,Fault
37.50152606756123,1.9139060357024658,1.3635532544226634,1633.6186100012171,Healthy
40.737413328485175,2.018072602703444,1.0770234102600376,1384.3652339734667,Healthy
54.49506885001199,5.85727577915679,3.9986482653739968,1173.5077920856047,Warning
63.648138578169515,6.933339378199545,2.388812843730048,1387.3554183460412,Warning
50.43768596274513,3.4627169517850014,2.788196696769581,1271.9117380716884,Warning
79.9332777585667,5.305068292644169,4.912328322320649,1046.0430002759829,Fault
38.8620623178154,1.4180308301386586,1.9623394832413594,1576.2926482336936,Healthy
33.57201341307596,2.1228206639569507,1.4897075844976804,1523.5276111588264,Healthy
65.12425503280144,4.032081314831153,2.358682674869739,1457.07302047236,Warning
38.930115993035514,2.670707309412639,1.6678042735290772,1503.2107673970934,Healthy
38.90167032935693,2.0826817760399576,1.6399642958505827,1458.8361677783791,Healthy
54.71589763241297,2.104663602884612,3.805468497505947,1732.3991928910505,Warning
32.315809796899075,1.6137096142824339,1.7141331150477992,1481.0076158977743,Healthy
44.897805712382386,2.114704425171652,1.3516783140542081,1569.9196731694888,Healthy
79.37568265949648,7.892814708276689,4.386397428473983,1260.746218054341,Fault
67.83374329748332,5.384791110087007,4.631512562381841,1079.7164890966942,Fault
41.12913633097521,2.8007325666717118,1.4688777906653978,1558.7259166802792,Healthy
37.65476376067609,1.9064376687821643,2.16375565104948,1467.62082957134,Healthy
77.85949738818043,6.875638429373478,4.226127249068894,1135.3142014566781,Fault
33.92170830339661,2.089240101315315,1.643184391149096,1243.5255658179433,Healthy
63.90658828691968,4.1433502111562195,2.3415848944708793,1475.3711844471507,Warning
53.913011413420364,2.0521131592349624,1.9163109423786044,1483.3072069891434,Healthy
45.125426006240765,2.551035005139117,1.6436031244088145,1456.4592527056038,Healthy
45.95400860589495,2.6990246641780393,1.66234785205521,1457.5226272206908,Healthy
40.771192499935495,2.371232191883934,1.124466812814286,1417.3294953083105,Healthy
30.398219938069275,1.2218169333787177,1.5254531652462222,1479.889534548117,Healthy
40.77469674404649,1.181511767837308,1.7829136376359414,1604.917362144135,Healthy
55.62597581254986,5.670258751129068,2.8892319421345998,1447.122703606421,Warning
45.508318240447835,1.1789531315756157,1.7963746047635198,1478.9309985636844,Healthy
34.18261026065656,2.2114494211647973,1.6947142853346067,1397.771971835267,Healthy
47.64009428674651,0.4315572927768463,1.3510083930290022,1407.7113558104732,Healthy
43.412934914596484,2.260390344276736,1.457951724262131,1388.0464124729474,Healthy
62.40792031654813,5.658486582636952,2.906164504535774,1391.7215589681941,Warning
45.88883694542463,2.2842049691666824,1.314038401682469,1275.2731444659144,Healthy
47.93862546630968,1.1876261882919976,1.2420493780363113,1509.90348210072,Healthy
92.38075617947452,9.429335629782612,4.202626642731444,989.2364881147247,Fault
40.503676480573716,1.1909592565627105,2.414626695258986,1678.5168402072131,Healthy
37.395748010954364,2.3130115945783674,1.9918879228493707,1544.2545624204054,Healthy
45.176855714306384,2.2440085417826015,1.991071885011663,1534.0791408002106,Healthy
42.41810538705278,1.466284824690525,1.4160477127079938,1668.1816619300823,Healthy
71.51454420206929,5.306256100227049,3.6753125604763284,1351.8079770902739,Warning
36.53264314769009,2.038194782699304,1.8181157785273252,1369.7347883165535,Healthy
41.601352180715956,2.878536699986784,2.068263998554023,1501.1445439091467,Healthy
78.35369902483359,8.134754827368013,3.6340582420893703,1122.8106620307528,Fault
35.74842230538427,2.1067330887285207,1.9173793979799705,1321.3292488631923,Healthy
46.978506929499616,2.4355342433377927,2.107751052865572,1503.891320690146,Healthy
54.41410820849357,5.413525885700429,3.1896400171825814,1543.0996667407599,Warning
61.07439940428179,3.506952945366957,2.840446701494551,1382.5846792215787,Warning
39.11052945961172,1.9517308889819394,1.6488126775768168,1437.1933916274627,Healthy
74.78405935896636,8.939387900161034,4.718563218281698,944.9027798035165,Fault
49.18888469958231,1.102752292359428,1.165003665308841,1313.8154846757488,Healthy
78.2473382242616,8.288300460234783,5.471351863142801,668.8898020414712,Fault
72.93006741262501,3.646663082129943,2.8100967441050524,1237.0662124157068,Warning
59.71616596483872,6.712982340421405,3.9186933377437603,1299.609116243978,Warning
78.284611815877,11.656643848061947,4.425361080277207,1173.590408688306,Fault
57.894268396837674,2.3107713449068736,1.587820641014561,1596.8997870275857,Healthy
74.08199853679032,10.135482447805801,4.524868470216922,1200.1436646121251,Fault
43.68291563302717,2.05497953846169,1.2189099201883755,1566.6572668609533,Healthy
34.78850432220295,1.7649532536847905,1.8251943009943363,1430.6493835427718,Healthy
35.28912416814546,1.5558337507364648,1.6245377595200998,1495.341272966066,Healthy
36.96053525188228,2.234569606473737,1.81890071050041,1310.805374668809,Healthy
41.938403535353444,1.6674196093281877,1.76897396592761,1497.2017543469783,Healthy
85.5811968787864,6.500011178348395,3.5624227256793644,953.2017055802712,Fault
48.224736893232226,1.5411963370562938,1.0494900467521036,1329.6007137389624,Healthy
58.095897787533495,4.5099336472943286,3.0192905614904584,1303.2380503766328,Warning
72.59186155454906,6.9478276729440225,4.883100430816369,873.5844274132985,Fault
42.51276591863133,1.7115345060490996,2.2764828321447785,1437.7792554705281,Healthy
40.8728427538595,1.0337901330178632,1.8209758742984476,1392.3754799681233,Healthy
43.985166500077455,2.133349253190075,1.6133496899237225,1598.74051450464,Healthy
89.49041405250632,9.4529441328263,5.590742969668559,811.4562829646695,Fault
37.66497371838287,1.8715355166764354,1.6285652342409789,1483.3842158050268,Healthy
41.15140101789811,2.0482753903141284,1.7303192010227295,1507.5713287956833,Healthy
44.241620329865796,2.4991845213283064,2.2942181992809987,1530.9620081909168,Healthy
53.94394843570103,4.894547909101255,3.4701447324417947,1479.895295762573,Warning
85.09115167654362,9.383380076188875,5.460245006607457,1202.08464825228,Fault
43.67920628466512,0.04164337448833466,1.9148657209155149,1135.1587174785216,Healthy
44.25884300470492,2.086517602360077,1.451271365958021,1428.7897958121061,Healthy
39.57984934213662,3.145752187441791,1.799424044047096,1540.8036176881267,Healthy
42.6551355809671,1.1985936115855194,1.767081764491713,1496.438926380991,Healthy
75.95334342927342,7.164054230804614,5.239486205749947,1156.230137353346,Fault
41.46909034688712,1.9338732110436998,1.985044259906934,1400.0287771330618,Healthy
69.7327545078177,4.505195753354323,2.291578953701563,1416.5719064074656,Warning
65.75427794194636,8.913067087834492,5.088466473942699,1217.3895613071275,Fault
34.97865450954625,1.9986240929977175,1.709214072158866,1451.7209841275355,Healthy
49.39637255337115,2.876622032760215,2.1944423614517716,1489.0265818369817,Healthy
67.36776010248971,5.145413539159354,3.065382093955772,1473.5629697814272,Warning
56.89499144538437,4.50263232099697,3.316955188866871,1350.4489936799935,Warning
45.350396211010946,1.5750951222614342,2.026874449088942,1537.8842603458395,Healthy
49.21152395593122,1.4995531537458504,1.303471397044445,1395.4956290413697,Healthy
62.365213230602734,4.671379393344515,2.8315840161797037,1442.9552948223718,Warning
64.21233509451001,5.4917941487944315,3.308067334001119,1033.8069987333836,Warning
60.55831948408421,8.564907868236032,4.496293622220524,1338.1958094621425,Fault
79.62220038601893,7.59935006068558,4.88812889003659,1054.9748252816235,Fault
85.88909053568614,7.496011577219037,5.144542911394001,1271.9322463646145,Fault
46.869470641087005,2.219139807222903,1.8305777662117972,1423.7676541972348,Healthy
39.31168711548489,2.125556677975176,1.5133124497795807,1543.7512248619869,Healthy
60.57151990892806,5.13157730548881,4.222565072529458,1143.4026516719448,Warning
42.7492120699364,2.046703150809578,1.8355043740164614,1544.4726818195234,Healthy
49.27025090728729,1.5261173134651667,2.139670371653774,1435.5632879786976,Healthy
36.640187238548904,2.073014232208512,2.2335377870779602,1492.2643820179146,Healthy
54.19768125852451,4.72484881573723,2.2036028701392363,1213.068301992176,Warning
48.59506598870698,3.4855265167377016,1.6240244744787298,1643.530015664544,Healthy
41.24376176626812,2.059556671035691,1.8185749451039879,1511.0395725612218,Healthy
52.21323238140805,3.147649756973502,3.3266224416406134,1308.494986487143,Warning
62.059539387062074,5.953918703498753,3.090181971513199,1251.591759503855,Warning
77.46337256358979,11.342533905366938,4.8956453242582825,1325.2594320419362,Fault
47.65049658202257,2.168459506267574,1.979504114122465,1551.9660573346503,Healthy
45.50361578429793,0.9865116173240677,1.5616201634624836,1630.3565067808088,Healthy
49.43699144842931,1.6369953697876247,1.4543253476169697,1475.9562802929656,Healthy
42.39494358170005,2.4802082872540208,1.6916188724989665,1535.2034471802924,Healthy
44.25158639021907,1.8018651301113822,1.5750559985146448,1476.4170637825148,Healthy
40.64922435331452,2.8628047453606102,1.770466199307636,1475.6103889822662,Healthy
70.84634118416417,8.026467835978565,3.951317859058686,1398.7073668080034,Fault
48.44222124659126,1.8370227804302208,1.811168350926473,1491.12035522875,Healthy
74.03156502134901,2.216467127898538,1.9992271277806606,1268.524375341583,Warning
66.83073097334808,5.56770463763297,2.807877043559715,1502.8565539862643,Warning
63.28840481890096,6.155189086984209,3.136322631716064,1265.7775459825675,Warning
42.55306561289339,1.8008039080526923,2.2418860716568725,1254.9127871459914,Healthy
36.06464786812815,1.5820436114587166,1.723617549070191,1349.2674352226952,Healthy
55.97410825033501,7.94890891049107,3.900870973873573,1288.2375873473027,Warning
36.25398001405853,0.65512175206484,1.7649359440774428,1400.2148016755975,Healthy
50.79855905669566,4.08563065002769,3.0743135476514154,1404.9314396675907,Warning
35.39755507921481,2.312811438081337,1.5599364910194449,1563.2857914607307,Healthy
35.11806250461026,1.6102813772512872,1.9096091226191303,1561.29653804746,Healthy
90.25423112480843,10.313519387775806,4.294676706880198,1285.02192618465,Fault
51.80242300391514,1.0632000715065018,1.5220400666528549,1648.4918786733851,Healthy
35.387294333541604,1.5082835215805719,1.9260680128423757,1489.7603293388904,Healthy
72.60630030620393,7.217793284057124,3.796392297072846,1560.6939179096912,Fault
46.433795272023694,1.5065535191286459,1.7442129968441853,1428.6446018629645,Healthy
35.109953615760666,0.7136287920117632,1.125064866614518,1380.4641025701897,Healthy
77.64451065836516,10.823014772178114,4.828786061520701,1290.8605886287287,Fault
44.619754770963354,2.2372285404446077,1.6270058123298923,1555.9540370616166,Healthy
58.15313165208942,3.6526778812748057,2.407935834050864,1362.9758312882193,Warning
38.03737084771043,1.8159512047956592,1.9711611108415457,1561.81907146653,Healthy
48.38490416099022,1.1992251403460736,2.3050758628614068,1446.9023495444285,Healthy
42.339933130255446,1.5527103729258196,1.2576909420675202,1482.843548978365,Healthy
46.83649617921386,2.710075594283549,1.560926703210993,1530.197074251927,Healthy
57.600606889042474,5.929393644638446,2.9807308690782937,1610.9472062896516,Warning
46.996681662372445,1.8584480477746692,2.03873340292327,1455.2842342670053,Healthy
61.191507844907456,3.996731462185055,3.3310407672908764,1447.5373508367547,Warning
72.75875957742352,6.739213761483564,2.8125276550754323,1405.9578477651266,Warning
62.16348721280189,4.280300661057362,3.8100351545680256,1404.5547225514445,Warning
47.96809285928188,0.49763075412275315,1.195769221540413,1579.5838655219775,Healthy
43.252231501303804,1.0041623380088707,1.7930298867448902,1700.350941040134,Healthy
63.18794581599968,4.473135307874075,2.802713574065303,1030.6203166199973,Warning
46.22741554240927,0.854628403697631,1.6015749323079553,1384.2535367766577,Healthy
62.3743713877533,2.498717414013831,3.307135219178532,1463.0782604900523,Warning
44.635040430108205,3.8042976487971325,3.6164509670513483,933.3008578907142,Warning
36.099996107663706,2.282742180950902,1.5974658143569616,1540.3954020735612,Healthy
51.1811291986501,1.678234833794778,1.9128133108867835,1351.4944520872564,Healthy
56.67643806350045,4.327095003094705,2.9888761025753947,1115.5673481990225,Warning
46.83733136462505,1.975760294098375,1.3233307307463824,1487.619070567034,Healthy
32.61005617017046,1.1551403917093717,2.062963081224456,1527.0095434197287,Healthy
75.01646365336318,5.562263334207443,3.3289440052165897,1756.611829082749,Warning
56.414820654670535,5.513355677896559,3.2194955146944473,1270.9926912080687,Warning
96.47875537672063,9.08831824669844,3.9141716948783394,1314.8674544103278,Fault
75.97694842945735,9.512091169446087,3.466494185414648,1213.472896705091,Fault
81.72942129757848,7.822818213189764,4.094315775657407,1076.1388047978803,Fault
40.11096733620864,2.34978686464474,1.280037269037305,1586.2000050412134,Healthy
43.884738928476864,1.1238072538794817,2.1985893200548308,1624.5634960171874,Healthy
51.396716569445225,5.994945285279263,3.2024275438178544,1109.209312930115,Warning
43.82267244516631,2.1336451642938905,1.8531784100846567,1529.123141684738,Healthy
87.80827127928544,3.339301083191062,4.246049156129854,1120.3628150420889,Fault
42.47091529116156,2.549254663446304,1.474029642122823,1533.6400938689872,Healthy
38.640439881601615,2.686436180502021,1.6372326539664526,1546.2212489010624,Healthy
51.3115878069744,2.161591467783899,1.7452500472049215,1557.5546509999895,Healthy
87.46024593402126,7.916827404106426,4.336744387961252,1061.5019893062129,Fault
45.473353058142045,1.9535441100625337,1.995524442420912,1499.1205310514429,Healthy
39.90575628037481,3.137839104845729,1.3296208750708505,1626.0937323562985,Healthy
37.73920597017203,3.137564166333584,2.0986470848835954,1597.1139006822912,Healthy
40.91386920890662,1.6743547037762352,1.9171591788958553,1640.1186275033897,Healthy
55.61989463803897,5.9893124748619755,3.460575373197396,1448.1989292671678,Warning
40.645359349210956,1.2426064997216524,1.539541970807766,1336.4536751542141,Healthy
41.58275608386703,1.5360073772821747,0.9133143526964791,1375.268253030583,Healthy
38.67686999968434,2.0163550065941047,1.382794371007423,1643.870548235923,Healthy
64.03028277538475,7.790935750258022,3.758220050294702,1304.0151568069414,Warning
40.37227494240234,2.1059389490859215,1.7684327597247387,1460.4755854996529,Healthy
41.428950541110815,3.1797534558223917,1.827222769125652,1678.5318394224728,Healthy
68.74072401274614,4.130466738178731,2.573120388706294,1418.9558932522482,Warning
62.28179551400324,3.456327997899564,2.3198708168553366,1135.9295396720638,Warning
62.766397516129615,6.35005270604963,2.9932921065375955,1010.9377863993221,Warning
76.69760802693915,12.272797750405791,3.334289669664355,1079.6780315321448,Fault
44.24989170673274,2.1379878441098548,1.8343753311071636,1532.9943538657265,Healthy
56.33359576775064,6.05367029468984,2.3134984915572305,1399.2551959247307,Warning
38.91853455903946,1.786388834804612,1.6132379542003341,1392.8298673138256,Healthy
36.480056823141695,1.993678478455949,1.454974351754291,1571.1977022991052,Healthy
39.168525422094966,1.4252379550708927,2.1975440186624517,1533.0289945616591,Healthy
44.493597205348614,0.5356845916021873,1.7870599231077278,1699.7514177804762,Healthy
42.33956584584668,2.1288770277853177,2.0686815729943038,1300.253330711014,Healthy
43.05145645543073,1.3710740628614944,2.1936075786659743,1468.4825610114776,Healthy
67.85588866524802,3.550583164664964,4.31269957017367,1116.090857092411,Fault
69.55215327320818,6.438223803820033,2.9148057883219445,1029.7959498784717,Warning
44.77680114254288,1.985634942094167,2.0944439247924347,1383.517190353896,Healthy
37.20286123429066,2.249533756320513,1.2937956916759945,1406.973531272995,Healthy
75.9128014159932,10.011860689239036,4.689564310975397,1131.107531919969,Fault
60.3433882274367,2.8631142709238353,2.5983799540241472,1432.678759305254,Warning
34.16470874882281,1.3653944883550795,1.625483595239326,1463.4530405885776,Healthy
72.97303113504417,7.1885011265328504,5.117226607809536,1295.6418359782438,Fault
40.039801020646344,1.883954587223468,1.5550274677633276,1385.316791783256,Healthy
38.82593418014272,1.1019157201246375,1.8486178677188625,1572.9715673783708,Healthy
42.12564355608016,1.6680385228401988,1.902452605661041,1498.7061231896412,Healthy
67.90088560914268,8.552962436052951,5.323024735796407,751.4462732122595,Fault
47.948110026438215,1.7081844742762722,1.9650607488079324,1429.6930919102197,Healthy
33.89543240845924,0.3933940149486759,2.0828297403675826,1401.5005072275558,Healthy
35.06778873364903,0.9540181781496746,1.7478486899716152,1427.0422805864353,Healthy
81.62030735183673,9.077529363384294,4.690880632742755,1433.9982768877394,Fault
61.61545593657958,6.359227784623506,3.6322699046690183,1136.7354525983142,Warning
48.7906054793363,2.104847463119439,1.8585789094439318,1478.2315306565342,Healthy
64.01753344163227,4.69715105001862,2.978710689477778,1361.7898059172555,Warning
82.25703499105151,13.745640367147756,3.07841068853914,1208.3222543541963,Fault
44.88701288759625,1.8279344839967167,2.028556432212739,1617.5506576508778,Healthy
87.05641830731342,4.2802637911803805,5.772361838332818,1217.5111873406213,Fault
68.24099404126783,7.004614213110395,4.616750635315819,1146.9331799192566,Fault
69.59160612650976,2.8817356216365813,3.4869095358586546,1351.242286493689,Warning
34.644423828075546,2.101829201026119,1.0757676446906888,1564.8394011238713,Healthy
42.26728956308737,1.7284986976032477,2.1508614441881653,1482.1344830986109,Healthy
58.45378112820158,6.527459322505596,3.268148484590447,1292.1555027715258,Warning
34.164114547072764,2.0330845205109247,1.2720552876913604,1575.1796465835455,Healthy
97.09561439659137,6.51975600329625,4.417870327167494,1473.6917861661514,Fault
72.4303035873608,8.903141371072206,4.50159948513207,1200.7520561309484,Fault
61.37475718109486,3.0823371496679437,3.067561725934041,1417.5031010132748,Warning
50.694643765906484,6.186238235421754,3.182262518996401,1241.0977353448534,Warning
34.49665298609081,1.1847539233332576,1.6386565960928583,1622.842081228015,Healthy
45.2010682966438,1.477010278283052,1.8743842682555625,1485.8604497856197,Healthy
73.72150929425153,5.669449149995606,3.3944407749090937,1054.2620510903037,Fault
44.051060078397754,1.5205391010851534,2.5123819650079295,1326.2285404862869,Healthy
36.36023488247166,1.5039591957703928,1.8424258420021633,1267.4628625125713,Healthy
51.51453731137084,1.5279370209788443,1.877942357041653,1602.49216931254,Healthy
73.35231849174814,4.403674473300846,5.012792575515979,1129.6296862487984,Fault
79.01277368222155,7.449375357748874,4.077259095107579,1259.1324080995676,Fault
47.23657643036879,0.9613883021289579,1.6011895774934208,1692.2946194066576,Healthy
42.4880199624772,1.23568187069927,1.641218307990032,1507.3275314585696,Healthy
61.36390349261826,4.963000983098979,2.892812445147443,1133.7031896539982,Warning
46.573120269934236,0.9789994214693296,1.7431333465382164,1418.0246071229155,Healthy
40.05683409466591,2.6864361989848016,1.9519749462570761,1368.8196834222788,Healthy
56.57743700616556,4.30760435434696,3.156909510053561,1276.2378870404798,Warning
38.127449692433025,1.428632068445182,1.6030887319355673,1443.4361251644962,Healthy
45.143981468051514,2.8259663724072426,2.4802932611697766,1396.928296806766,Healthy
36.11899841678284,1.3334364433510397,1.6109752469232992,1394.2845125861725,Healthy
41.27857810739872,1.0699689489681559,2.0526380877412898,1408.2246462582486,Healthy
58.84030884324923,5.086421170300462,2.3523294077669825,1605.913763719146,Warning
64.07841109515279,3.383836941464521,3.10533343886231,1181.7853430974117,Warning
67.6643631229722,5.114526846185283,1.7818121683763388,1202.4876032011455,Warning
48.064418458615776,2.4655018868952787,1.3223960993275634,1530.1552306812905,Healthy
33.70832217208877,1.7952572907760582,1.882152719492537,1469.9235415153264,Healthy
59.7201132294839,4.607233483693971,2.925963797726123,1265.4792861862395,Warning
41.80146858826511,2.065472762981827,1.7086719711429998,1459.0351071631999,Healthy
48.55358851873373,5.57244215267175,2.9997184514385205,1355.9540289896343,Warning
62.377475759614015,4.947099034253865,4.719043076258815,1148.7189660768672,Fault
39.689364624137774,2.198612204543959,2.079791652897336,1548.3982293951526,Healthy
47.24617428669918,5.923083449644554,3.6108643331087964,1446.683761797597,Warning
83.39035514934206,10.048953474330602,5.747052998239269,992.3002136389676,Fault
83.97817640914764,8.603338128588684,3.6061379183589803,1224.6309313048066,Fault
62.61574027431701,5.263501912615933,2.8706470491571348,1571.7418403574088,Warning
39.06339618618111,1.8065913081165155,2.063686208310268,1350.2626829905464,Healthy
31.81135746132641,1.8196171351519626,1.4645082548380368,1461.5449889982083,Healthy
38.792286396085764,1.9387692136460188,1.7101986276744834,1567.2114315096437,Healthy
38.54033151912695,1.6988089479597284,2.1131230193161485,1539.3376870254097,Healthy
66.58932642819968,3.6984672530765144,3.7062565349805032,1503.6148259761537,Warning
79.25786274748955,8.123741939150644,5.042819161120023,1083.2599294968288,Fault
46.35967183259726,1.4629160738846463,1.6151421780027917,1380.563451927554,Healthy
63.37283750846798,9.813691820227953,5.947131633666217,1406.559209824655,Fault
45.624273357781,2.653263809954134,1.6629570057784009,1510.144743065005,Healthy
43.33368083988321,1.1618641623391697,1.8598905053734545,1343.8797077811118,Healthy
69.17158872798683,4.0601841659417985,2.4315387092947827,1026.596543617503,Warning
39.092030328591974,0.8693883525911672,1.9359056268936516,1455.0029618135352,Healthy
58.11799316051687,6.285565446715538,3.301468471877611,1330.4960907752265,Warning
68.71270434890609,8.558266181308655,4.617857864389176,1065.4294284702291,Fault
71.7565323628444,9.417677273997013,4.941487017225033,624.9112214745281,Fault
40.66657204253072,4.26074116933265,3.5126740171288775,1302.4069912121338,Warning
54.34384056798331,6.2322868955847435,2.0392477347256808,1519.3486651443027,Warning
36.038023347787835,1.4501309566183853,1.4948326976695077,1586.6225200858528,Healthy
33.40419433061977,1.5578447288883996,1.541044301296717,1629.350996845937,Healthy
50.02114552342507,1.7800231562898374,1.4514196780859738,1432.2725815990723,Healthy
53.07767118589146,5.113792231676451,2.3860422246540782,1022.9450686892717,Warning
32.98571901791058,1.3487034791594879,1.5272691334189932,1412.8783927974187,Healthy
42.28205783584785,1.9472226053971993,1.2670805110973116,1434.6036866363079,Healthy
36.877355435434964,2.3448377061107912,1.439191024229691,1471.3633864134824,Healthy
42.82160329690958,1.4157059568867445,1.7187319118787188,1476.3869908222014,Healthy
65.39565707947979,5.28606604980491,2.9556930273734165,1285.4312499807063,Warning
40.82082878092909,1.6159816273044378,1.8314070089664378,1669.6586682970851,Healthy
45.849284465276774,0.6640973032571371,1.8651819474685873,1657.508282760873,Healthy
42.85312539269896,1.4637303187181547,1.8093141601465663,1474.7937184596644,Healthy
59.97087069167591,5.2380573927517275,2.61639146573468,1229.0577268972975,Warning
43.95362513044448,2.127193957180236,1.8694981332709553,1596.5170492728666,Healthy
64.74407656156029,5.364604910765076,2.954229990290896,1270.376725780553,Warning
74.38439216117193,7.301420119983215,4.847207858760085,1195.3337947531008,Fault
47.613391272818696,1.7434832547895,1.4667206714352838,1618.8784114353873,Healthy
35.67729004026043,2.8663097041546344,1.997639210509858,1498.9803884374953,Healthy
79.27438227063712,8.449450464812742,3.971759907182409,1254.7330790752742,Fault
78.11744111911769,7.078024563038315,4.603943883332859,1137.4362185628152,Fault
66.22550118940651,9.517276081857585,2.4184893479586487,1186.9738948530269,Fault
48.54123303439955,1.5039190745076745,1.9978452642755689,1460.3086158762208,Healthy
45.68418265460026,1.522466570205252,2.0989664653495215,1400.6302122893517,Healthy
46.61319861393926,2.196022495074201,2.374933463020623,1423.656068268934,Healthy
37.028324457524405,2.1962655399290623,1.9493768802808136,1510.2256659647417,Healthy
45.834336466645304,1.0651771334096758,2.14768487471307,1785.7438423139865,Healthy
62.37649801897624,5.699729762789292,2.75357011555222,1078.4680018369777,Warning
54.34973331230876,3.2635945083019813,3.8611799709978247,1390.9293777038658,Warning
40.454888174018755,1.6962773505339381,2.0893652046718,1496.7662881304784,Healthy
76.43196561723987,7.884124796682315,3.37446866751851,794.0051687739169,Fault
42.282483459966166,1.0283219779747257,1.7896575404896102,1505.3752562990503,Healthy
37.424376702602494,2.044358336241281,1.9161176188187232,1384.6325083600238,Healthy
69.1568505775233,5.9324875507890775,2.9523571064930327,1279.8035530013562,Warning
44.33909891454829,1.9170623838857328,1.9888212018306601,1513.1873813121151,Healthy
42.472962664788504,2.270813229679012,2.0612468311099916,1419.5473369775186,Healthy
49.71746428007277,1.9539952384273571,1.2856542313511636,1428.618050278129,Healthy
40.601615844335534,1.4927631484085238,2.22026455809389,1395.271285361619,Healthy
43.05693237524134,2.034272959232329,1.9489029103022195,1591.1238044568947,Healthy
44.44691969469204,1.64447444441095,1.8188094909710144,1510.7534180053635,Healthy
84.18031846066208,9.499262227500695,4.5353736023201465,1004.3573227106128,Fault
41.85991107552128,1.915908947887919,2.4619575921421206,1447.6227221458764,Healthy
47.34231033622149,1.8588011484596298,2.5013535357516496,1462.1960708268523,Healthy
71.60955404085614,7.867255476742073,4.6991471283173265,1302.3347312153915,Fault
70.81380394534315,4.886041627288794,2.833915735080497,1755.597766091908,Warning
56.963629178150164,4.166883485302318,2.5286600427343298,1490.4854033785182,Warning
42.63681237828243,1.7618947953370387,2.0194477223822807,1415.325590711598,Healthy
79.79437845745275,9.581726712459815,4.766025850478113,1004.298328762481,Fault
56.79297351033056,4.37415362625634,2.528023237638999,1545.1737522978046,Warning
45.024966878394366,2.54832685268547,2.6437947744716173,1329.0773896089845,Healthy
73.07059932660381,6.968524679711153,3.6379334019170297,1096.0624484700343,Fault
43.675211837687065,1.8310189928571687,1.9443085994290965,1550.7728451638252,Healthy
40.13295531588059,3.0726860415802006,1.8703293349446293,1313.7515247375204,Healthy
64.07597608777748,8.531202332472354,4.402555820757333,1065.6833743780976,Fault
44.744914370384556,2.2356590168678006,1.5206779536173691,1400.0855108668989,Healthy
42.86503569826113,0.6862130597313258,1.7459078931451397,1501.4072082873504,Healthy
37.93304793826662,1.4762788908473161,1.7469422419281613,1509.0800023610047,Healthy
69.5659934346561,4.6467827317673,2.771921901942321,1415.648351030146,Warning
39.82899783370557,2.2742360861797035,2.0938756023467917,1629.1686465658672,Healthy
37.66791930670281,1.8083389255995068,1.8033833089855982,1490.1926431467493,Healthy
51.601065977382504,5.111215335234805,2.6158221702260436,1362.8990221121437,Warning
69.20273323324527,8.921737048678416,4.6207372214451965,1254.270754837768,Fault
80.21831624968678,9.373147180715433,3.63795093690614,918.3566607034526,Fault
55.53564154046688,3.7472671142376295,2.9804505393917236,1336.4711379933917,Warning
40.4751339064345,2.5376254305900625,1.5582019173504609,1360.632751563383,Healthy
